id,revenue
3001,0.0
3002,0.0
3003,0.009120017467129666
3004,3.955406404922037e-05
3005,0.0
3006,0.0
3007,0.0
3008,0.009409725977387526
3009,0.00778509391823803
3010,0.03262315544130297
3011,0.0
3012,0.0
3013,0.0
3014,0.0
3015,0.0
3016,0.0
3017,0.006103062622961833
3018,0.01448473133564242
3019,0.0
3020,0.08420146603702934
3021,0.0
3022,0.031584916532303026
3023,0.0
3024,0.00018801908206167578
3025,0.0
3026,0.009158076262829312
3027,0.0
3028,0.027708736586395687
3029,0.0
3030,0.0010802546755291583
3031,0.008150787180859154
3032,0.0
3033,0.0
3034,0.020112358279835325
3035,0.015474851383825835
3036,0.0
3037,0.0038779768519899087
3038,0.005450199372355933
3039,0.0007781194860970918
3040,0.0
3041,0.0022541873533216098
3042,0.0
3043,0.0030408924747522886
3044,0.0
3045,0.12243635670064205
3046,0.0
3047,0.0
3048,0.006629757892008452
3049,0.001146178666732932
3050,0.01813801232582656
3051,0.0
3052,0.0
3053,0.0
3054,0.0
3055,0.0
3056,0.0
3057,0.0
3058,0.016883057180097465
3059,0.0001561958909709882
3060,0.01130241230557168
3061,0.0
3062,0.05125365511836992
3063,0.04361514916374897
3064,0.0
3065,0.01079297485433448
3066,0.013804458919651345
3067,0.0
3068,0.014217224773877322
3069,0.0010024437950854094
3070,0.002636972722351515
3071,0.01073571301138783
3072,0.251246036118152
3073,0.0014622917079167295
3074,0.0
3075,0.002322881339725265
3076,0.13611685582533928
3077,0.010889463909135476
3078,0.029260005179959116
3079,0.0006273367416180802
3080,0.01376267361553264
3081,0.0
3082,0.0
3083,0.0
3084,0.0
3085,0.0014832263652412503
3086,0.0
3087,0.0
3088,0.0
3089,0.0
3090,0.0
3091,0.0025940306079074
3092,0.003000874498812248
3093,0.058050791868848144
3094,0.04092712709311017
3095,0.0010034902142118014
3096,0.0
3097,0.2313528865736911
3098,0.0
3099,0.0
3100,0.0
3101,0.0
3102,0.0
3103,0.00230162650766671
3104,0.0
3105,0.0053025895571642305
3106,0.00048312203544527286
3107,0.0358825877775739
3108,0.0
3109,0.0
3110,0.07528289312484591
3111,0.0
3112,0.0
3113,0.0007978867661373286
3114,0.014194395665282748
3115,0.0
3116,0.016337599343961187
3117,0.0
3118,0.002180000371988613
3119,0.05756315247745196
3120,0.0
3121,0.0
3122,0.005116952594574177
3123,0.0
3124,0.0
3125,0.0
3126,0.006436507886541669
3127,0.0
3128,0.0
3129,0.09775160471262427
3130,0.0
3131,0.0
3132,0.0
3133,0.0
3134,0.0
3135,0.0
3136,0.0017921609979826014
3137,0.006006518425613296
3138,0.0
3139,0.0014267617759670872
3140,0.057597877381805745
3141,7.3253825893828e-05
3142,0.0
3143,0.0
3144,0.0
3145,0.06391073036170707
3146,0.0
3147,0.015187655735574965
3148,0.014239700084570595
3149,0.0
3150,0.007364120398268933
3151,0.0030243539835927784
3152,0.0
3153,0.0
3154,0.001826732705699622
3155,0.017664486160421797
3156,0.0
3157,0.0348271689689584
3158,0.009473687942051837
3159,0.0005467295142654672
3160,0.0
3161,0.0
3162,0.0
3163,0.013251528345168101
3164,0.0
3165,0.0
3166,0.0
3167,0.007384465582408016
3168,0.0
3169,0.0
3170,0.0010024580595917989
3171,0.05362536981589693
3172,0.0
3173,0.0
3174,0.0
3175,0.0
3176,0.0027143149040486673
3177,0.0
3178,0.0006024654130422559
3179,0.0
3180,0.00022146871370345734
3181,0.0
3182,0.14356902190576531
3183,0.010321339574319723
3184,0.00194359195842001
3185,0.0
3186,0.0023134335620720323
3187,0.0
3188,0.0
3189,0.0
3190,0.0
3191,0.0
3192,0.0
3193,0.04991259442146204
3194,0.021211109363007827
3195,0.0
3196,0.0
3197,0.0
3198,0.02341969142462278
3199,0.04184194324090551
3200,0.0
3201,0.007355683985326673
3202,0.007368671320281654
3203,0.0
3204,0.002050512783569935
3205,0.0
3206,0.0
3207,0.0
3208,0.0
3209,0.0
3210,0.22034646519003734
3211,0.0
3212,0.0029515842137776568
3213,0.05353273929091109
3214,0.0
3215,0.0
3216,0.0
3217,0.12923963212533882
3218,0.0
3219,0.0
3220,0.09673285542223448
3221,0.0
3222,0.0
3223,0.0013444101758477247
3224,0.0012547371255341039
3225,0.0
3226,0.0
3227,0.0
3228,0.0
3229,0.02001954902618281
3230,0.0
3231,0.0069668758468855495
3232,0.0
3233,0.0
3234,0.011289494444179447
3235,0.0463440230423573
3236,0.0
3237,0.014953521779694636
3238,0.0
3239,0.0
3240,0.10898224520509331
3241,0.0
3242,0.0
3243,0.0
3244,0.0
3245,0.008499500463465997
3246,0.0
3247,0.0
3248,0.0
3249,0.001799478285499184
3250,0.0012976418265145378
3251,0.0
3252,0.0
3253,0.015421473334251824
3254,0.0
3255,0.0
3256,0.012192902580654325
3257,0.01360555859926517
3258,0.0
3259,0.025020329140933512
3260,0.0
3261,0.26860315976150245
3262,0.0
3263,0.0
3264,0.0
3265,0.0
3266,0.0
3267,0.0
3268,0.009497134471468844
3269,0.0011717485447151695
3270,0.039947795895996924
3271,0.006332430509688378
3272,0.0
3273,0.008666532493352221
3274,0.10717485248116818
3275,0.0
3276,0.0011128429164444706
3277,0.0
3278,0.005873802197684023
3279,0.0
3280,0.018059062156016544
3281,0.0
3282,0.0
3283,0.021976479285306383
3284,0.0
3285,0.007310624484691235
3286,0.0
3287,0.0
3288,0.0
3289,0.0072498966288606645
3290,0.0
3291,0.019930320934822523
3292,0.09349997589511966
3293,0.0
3294,0.0004219175395716976
3295,0.0
3296,0.0
3297,0.0
3298,0.0
3299,0.001706829827980367
3300,0.0022888477010752266
3301,0.0
3302,0.005694346328119623
3303,0.0
3304,0.0
3305,0.004588286804457931
3306,0.0
3307,0.0
3308,0.00047348339095780933
3309,0.0
3310,0.0035143078158474746
3311,0.0
3312,0.0
3313,0.0
3314,0.0
3315,0.0070948325377483785
3316,0.0004865815389307711
3317,0.009862585121819862
3318,0.0
3319,0.0
3320,0.0
3321,0.0
3322,0.0
3323,0.00682612034824037
3324,0.0
3325,0.024618905890994306
3326,0.008254530496011258
3327,0.006165596298458115
3328,0.0
3329,0.0
3330,0.014025503627231784
3331,0.0
3332,0.011354763310563001
3333,0.0
3334,0.0
3335,0.0
3336,0.0
3337,0.008666203738622565
3338,0.0
3339,0.0
3340,0.012638645249861006
3341,0.0
3342,0.006800775115970006
3343,0.00200460814432481
3344,0.0
3345,0.0001689717487045635
3346,0.0
3347,0.0
3348,0.0
3349,0.02276189338779803
3350,0.06900340740767694
3351,0.0
3352,0.0
3353,0.010159958637712367
3354,0.0
3355,0.0020363120277207547
3356,0.0
3357,0.0
3358,0.0023370820573350615
3359,0.0016510072550989761
3360,0.0
3361,0.0
3362,0.003986638190233206
3363,0.005230575242686911
3364,0.0
3365,0.011950243644374255
3366,0.0
3367,0.020349015804307632
3368,0.0
3369,0.0
3370,0.10059577538413836
3371,0.0
3372,0.0
3373,0.024513403851701136
3374,0.0
3375,0.0
3376,0.0
3377,0.01291431508283717
3378,0.0
3379,0.005584739851965559
3380,0.0
3381,0.0
3382,0.0
3383,0.0
3384,0.0
3385,0.008908118634119775
3386,0.0
3387,0.0008572771472685112
3388,0.036797937074748634
3389,0.3017545325701072
3390,0.0
3391,0.0
3392,0.0
3393,0.0038663331483599884
3394,0.0
3395,0.0
3396,0.0017997073139420102
3397,0.0
3398,0.10469087384062346
3399,0.0
3400,0.0
3401,0.0
3402,0.00023541986401950625
3403,0.18672055655073325
3404,0.0021460982032023438
3405,0.0
3406,0.0009755195343623691
3407,0.01435144395223792
3408,0.0
3409,0.0
3410,0.0
3411,0.01821818617612358
3412,0.00455879815281491
3413,0.0021763371248850354
3414,0.0
3415,0.016451730811309226
3416,0.1309287385907359
3417,0.0012406942205402923
3418,0.028067666372355797
3419,0.07801286712117898
3420,0.0
3421,0.0
3422,0.0010528368926324293
3423,0.1800967164708198
3424,0.0
3425,0.0030715729746557405
3426,0.0
3427,0.0017208847318781564
3428,0.0
3429,0.0
3430,0.13877585889231073
3431,0.0
3432,0.002206929206717952
3433,0.0
3434,0.007321883781477344
3435,0.0035310565380684217
3436,0.0
3437,0.0
3438,0.0
3439,0.009408815907454234
3440,0.019817692521579153
3441,0.0
3442,0.0007261854725442569
3443,0.0
3444,0.0
3445,0.0
3446,0.006731593030795729
3447,0.0029494499631089635
3448,0.02338826064151424
3449,0.0
3450,0.0
3451,0.0
3452,0.0018053330749122356
3453,0.038067158829814825
3454,0.0
3455,0.0
3456,0.008664045399968682
3457,0.012480486027150484
3458,0.0011204930072422619
3459,0.21420753208674875
3460,0.0
3461,0.00011921202813995611
3462,0.0
3463,0.005039868307542663
3464,0.0
3465,0.0
3466,0.021028740599900366
3467,0.0
3468,0.0053559039361441695
3469,0.0
3470,0.0
3471,0.0
3472,0.0
3473,0.0
3474,0.013838749886374669
3475,0.0
3476,0.0
3477,0.003692422670117408
3478,0.0
3479,0.055897046378049375
3480,0.007041688438196429
3481,0.0
3482,0.0
3483,0.0
3484,0.0
3485,0.0
3486,0.039793939298665044
3487,0.015646355049516017
3488,0.035947177411504834
3489,0.0
3490,0.0
3491,0.0
3492,0.0
3493,0.0
3494,0.005902553907874635
3495,0.0001570012190222596
3496,0.0
3497,0.019883129866805464
3498,0.0
3499,0.003306828668610123
3500,0.0
3501,0.01340998434438785
3502,0.012120076600409002
3503,0.0
3504,0.022128763181176805
3505,0.0
3506,0.05026454340458934
3507,0.01618857351095241
3508,0.004510155509662204
3509,0.010485389621800782
3510,0.0002579524287269702
3511,0.009092746125037023
3512,0.025753051636736485
3513,0.0
3514,0.0
3515,0.0063103846298865835
3516,0.0
3517,0.16740398508872054
3518,0.00562300753011422
3519,0.0067933880764621275
3520,0.0
3521,0.0
3522,0.00022245417153681272
3523,0.0
3524,0.0
3525,0.0
3526,0.06028879868529773
3527,0.0
3528,0.0
3529,0.07741268633047937
3530,0.0
3531,0.011125277594189813
3532,0.0
3533,0.0003583867919222503
3534,0.0
3535,0.02727345896191186
3536,0.0
3537,0.0
3538,0.01693291794886105
3539,0.0
3540,0.011370438507588029
3541,0.0
3542,0.0
3543,0.0
3544,0.0026426801687118536
3545,0.0
3546,0.003622487521177807
3547,0.01120399745947813
3548,0.022181723386278315
3549,0.0
3550,0.045389519208836174
3551,0.003656802694083015
3552,0.08997280529800901
3553,0.1781663192890787
3554,0.05126157922977379
3555,0.026528288562557234
3556,0.017412370644774588
3557,0.005597415475862325
3558,0.005665601942914659
3559,0.011080075714550889
3560,0.0020123471550027357
3561,0.014388378827546152
3562,0.0
3563,0.0
3564,0.0
3565,0.008615781315988861
3566,0.0
3567,0.0
3568,0.0
3569,0.024008254966602895
3570,0.0
3571,0.0
3572,0.019334994827354145
3573,0.0
3574,0.013880225110541908
3575,0.003909570427768011
3576,0.0
3577,0.0
3578,0.04514881768890324
3579,0.0
3580,0.004129927995089685
3581,0.03614962343573268
3582,0.009541431513198615
3583,0.0
3584,0.014766737010971117
3585,0.021020605586135294
3586,0.014801789289257695
3587,0.0
3588,0.0
3589,0.0
3590,0.023090598929610233
3591,0.029922296114272613
3592,0.008484887081792668
3593,0.0
3594,0.0
3595,0.0
3596,0.0
3597,0.0
3598,0.0041149942514028615
3599,0.0
3600,0.0
3601,0.0
3602,0.0
3603,0.01211906935571751
3604,0.0
3605,0.019767587875554903
3606,0.0
3607,0.08401592138912044
3608,0.02578280603853868
3609,0.00022852805725197695
3610,0.0012420708136153978
3611,0.004527502638441636
3612,0.0
3613,0.0
3614,0.0
3615,0.008003538333304892
3616,0.0020001721816688724
3617,0.0
3618,0.01328356591163758
3619,0.003967015790182592
3620,0.005906404993446366
3621,0.08304805117567321
3622,0.13296414125205597
3623,0.0037474121497102723
3624,0.0
3625,0.0
3626,0.0021034458219724057
3627,0.0018952100550203258
3628,0.17652391311576288
3629,0.0
3630,0.0
3631,0.020436071976666657
3632,0.0
3633,0.000867723477124396
3634,0.0
3635,0.0
3636,0.0
3637,0.0
3638,0.0
3639,0.0
3640,0.08429386859711581
3641,0.0
3642,0.005806355743740013
3643,0.0006396851284509724
3644,0.0
3645,0.0
3646,0.0
3647,0.019623921820862755
3648,0.0
3649,0.0
3650,0.0
3651,0.027148348732571978
3652,0.0
3653,0.0
3654,0.026223521969840183
3655,0.012916216533887517
3656,0.02367965094890885
3657,0.0
3658,0.0
3659,0.0
3660,0.10440635462395781
3661,0.005884964861912802
3662,0.0
3663,0.02565608701890127
3664,0.0
3665,0.0
3666,0.005080077926968206
3667,0.005065107140207167
3668,0.00906505394693121
3669,0.0
3670,0.016003097790214763
3671,0.0
3672,0.0
3673,0.012297835543249341
3674,0.0
3675,0.06496642024213947
3676,0.03208690906671903
3677,0.0011889616219497416
3678,0.0
3679,0.0
3680,0.0
3681,0.0
3682,0.010418233506074905
3683,0.0
3684,0.010361315528222038
3685,0.01431587786086538
3686,0.0
3687,0.020280855552489485
3688,0.0
3689,0.0
3690,0.0
3691,0.0
3692,0.0
3693,0.08271871787279958
3694,0.013470809982974504
3695,0.009284062915125853
3696,0.0
3697,0.003754556754463174
3698,0.01796971158747112
3699,0.000761853269275693
3700,0.010909185192592171
3701,0.0
3702,0.0
3703,0.015420712488802266
3704,0.004245522693014804
3705,0.0
3706,0.022193450970436616
3707,0.0
3708,0.0
3709,0.09457269808733162
3710,0.025313023304588376
3711,0.0
3712,0.01824355225167443
3713,0.0
3714,0.0
3715,0.0
3716,0.0
3717,0.0
3718,0.0
3719,0.010736200382542242
3720,0.007848595860024994
3721,0.010082095912245173
3722,0.0009766722097669157
3723,0.0
3724,0.0
3725,0.0
3726,0.0
3727,0.0
3728,0.011317175816277407
3729,0.0
3730,0.0
3731,0.01450046107417705
3732,0.0
3733,0.08501543394775153
3734,0.06349168029482247
3735,0.002103444242368623
3736,0.0
3737,0.0
3738,0.0
3739,0.0
3740,0.0
3741,0.0
3742,0.010569016349246787
3743,0.012363050295970249
3744,0.08699507299282339
3745,0.011904841081151408
3746,0.04565521797928014
3747,0.0
3748,0.0
3749,0.0
3750,0.0
3751,0.0
3752,0.0
3753,0.004929015268216073
3754,0.000577753379193815
3755,0.057453753626852865
3756,0.0
3757,0.009064199041919819
3758,0.010948995781636219
3759,0.0
3760,0.029246747623175764
3761,0.0
3762,0.08493448383819686
3763,0.01598492151528829
3764,0.014275926314888639
3765,0.0
3766,0.0
3767,0.0
3768,0.0
3769,0.0
3770,0.0
3771,0.009586032222602374
3772,0.0
3773,0.00372471580908071
3774,0.0
3775,0.0758431781462324
3776,0.020090962397427612
3777,0.0
3778,0.0
3779,0.0
3780,0.0
3781,0.0024715906288579966
3782,0.0
3783,0.003862350352498806
3784,0.00023299060922378948
3785,0.0
3786,0.0
3787,0.06642495626059489
3788,0.35386117275055035
3789,0.005233340870186494
3790,0.0
3791,0.0
3792,0.0
3793,0.0
3794,0.0
3795,0.1897782575752094
3796,0.0
3797,0.0
3798,0.005357777343701509
3799,0.0
3800,0.0
3801,0.00601705416650337
3802,0.0
3803,0.0
3804,0.0
3805,0.0
3806,0.0
3807,0.0
3808,0.0
3809,0.007619485933212123
3810,0.0
3811,0.0
3812,0.00287726073666636
3813,0.0002977639113669707
3814,0.0
3815,0.16034879175019554
3816,0.0
3817,0.1306094519655722
3818,0.014882796756996034
3819,0.0
3820,0.0
3821,0.0
3822,0.0
3823,0.0
3824,0.0005661740072593992
3825,0.007864530356028875
3826,0.09258466941176052
3827,0.00324086055915881
3828,0.0
3829,0.01730028445873196
3830,0.0013569654206829114
3831,0.0
3832,0.051550946960823095
3833,0.0
3834,0.0
3835,0.0
3836,0.0
3837,0.0
3838,0.08243502551142154
3839,0.0
3840,0.0
3841,0.0
3842,0.0
3843,0.0050380739730148056
3844,0.0
3845,0.0
3846,0.0
3847,0.0
3848,0.0
3849,0.0
3850,0.006220814591177477
3851,0.00597288220727234
3852,0.0
3853,0.013611318885524986
3854,0.0
3855,0.0
3856,0.001429394919715491
3857,0.13462659059147528
3858,0.0
3859,0.010019121470798953
3860,0.0018214173267983831
3861,0.0
3862,0.0015583816550948607
3863,0.0
3864,0.012358253695258616
3865,0.07510459314632971
3866,0.0
3867,0.0
3868,0.0
3869,0.0
3870,0.023255340114608773
3871,0.09243564434596836
3872,0.008583241126018352
3873,0.0015193863960553554
3874,0.0
3875,0.020883692701903704
3876,0.0
3877,0.0
3878,0.0375126643794758
3879,0.06785712384096544
3880,0.0
3881,0.0
3882,0.0
3883,0.0
3884,0.022907586865030128
3885,0.0
3886,0.013276940031357064
3887,0.0
3888,0.0
3889,0.042274689840322725
3890,0.004253684121726975
3891,0.0
3892,0.0
3893,0.013057615887734846
3894,0.0
3895,0.001429495986294123
3896,0.0
3897,0.0007027188229835472
3898,0.0
3899,0.1470073049031521
3900,0.04180919491938743
3901,0.0
3902,0.0
3903,0.0
3904,0.0
3905,0.005649399076117005
3906,0.0037067502992785516
3907,0.0
3908,0.0
3909,0.0
3910,0.0
3911,0.0
3912,0.0
3913,0.018818708986250834
3914,0.002377953287121529
3915,0.005086208525592402
3916,0.0
3917,0.0
3918,0.0016283031820585729
3919,0.015255935165805229
3920,0.0
3921,0.0
3922,0.001171980409074038
3923,0.005971197656718612
3924,0.0
3925,0.08029118523382206
3926,0.0
3927,0.03926895375428084
3928,0.002486185274310772
3929,0.0
3930,0.0
3931,0.0
3932,0.0
3933,0.0004862064497437438
3934,0.01017561727752313
3935,0.0
3936,0.0
3937,0.03157844408606267
3938,0.0
3939,0.0005629816174259262
3940,0.008450907247825675
3941,0.0
3942,0.02891294654103999
3943,0.10632724316549892
3944,0.0
3945,0.02473424537391012
3946,0.0
3947,0.012403879250914235
3948,0.0025824179908935383
3949,0.0
3950,0.0
3951,0.0
3952,0.001375341054464327
3953,0.008562993364901805
3954,0.07280549606845188
3955,0.015235091889487115
3956,0.0
3957,0.0
3958,0.004338234426933793
3959,0.0
3960,0.0
3961,0.010839350441649428
3962,0.0037974873770890293
3963,0.0031118454678419646
3964,0.1631898576673716
3965,0.0
3966,0.0
3967,0.05114208022623922
3968,0.0
3969,0.0
3970,0.0004532357720735109
3971,0.0
3972,0.0
3973,0.0
3974,0.0
3975,0.0018886087463390216
3976,0.0018522421419863335
3977,0.004947368905114278
3978,0.08131304466782896
3979,0.0
3980,0.0
3981,0.0
3982,0.0
3983,0.00222696060869993
3984,0.11728011971919272
3985,0.0
3986,0.2929615028601703
3987,0.00512865497230163
3988,0.0
3989,0.008900886990846475
3990,0.0
3991,0.0011484205934864451
3992,0.0
3993,0.0
3994,0.0023979867900709878
3995,0.0
3996,0.01786419233440388
3997,0.004476846372256687
3998,0.019711022577353906
3999,0.007416264279064658
4000,0.0008748381542389521
4001,0.0
4002,0.03115854467960685
4003,0.0
4004,0.012270353488568957
4005,0.0
4006,0.014078511507520325
4007,0.0
4008,0.0
4009,0.0
4010,0.0
4011,0.005140452968588692
4012,0.024640505110245455
4013,0.0
4014,0.0
4015,0.019454727301277973
4016,0.000754209863013666
4017,0.0
4018,0.0
4019,0.1327231098682931
4020,0.0
4021,0.0008907105327985406
4022,0.0
4023,0.06721479930484023
4024,0.006310250252860948
4025,0.0
4026,0.054853347423259834
4027,0.0035207000471278054
4028,0.0
4029,0.0
4030,0.0
4031,0.0068622530030672925
4032,0.0
4033,0.0
4034,0.0
4035,0.0101614871551308
4036,0.0
4037,0.0
4038,0.0
4039,0.0
4040,0.0
4041,0.0
4042,0.018001847869809292
4043,0.0
4044,0.005943824605861203
4045,0.11991529494922534
4046,0.012109695100304978
4047,0.11479272532286859
4048,0.0022090982917756376
4049,0.0
4050,0.0
4051,0.05492335075521394
4052,0.013317754188657369
4053,0.0
4054,0.0015651331896845064
4055,0.0
4056,0.0
4057,0.007389379917299487
4058,0.0
4059,0.00019291941382819925
4060,0.010934092175253932
4061,0.04173261915783243
4062,0.004758423045025405
4063,0.0109439601329544
4064,0.02252321893394787
4065,0.0024909822232995413
4066,0.0
4067,0.01113299033196438
4068,0.0
4069,0.0
4070,0.0011976430503230677
4071,0.0
4072,0.0
4073,0.0
4074,0.0
4075,0.0
4076,0.009404104838301583
4077,0.16524122873985714
4078,0.0001509012502806087
4079,0.028016993205641855
4080,0.0
4081,0.0
4082,0.07672605268678416
4083,0.009360420387156907
4084,0.0010526212374235714
4085,0.002192353501454278
4086,0.058077828630802714
4087,0.0
4088,0.0
4089,0.0043916618168902905
4090,0.0
4091,0.0
4092,0.013744185762285692
4093,0.0
4094,0.0
4095,0.0
4096,0.0
4097,0.030350185698398792
4098,0.0
4099,0.0
4100,0.012867828356328468
4101,0.0
4102,0.0
4103,0.0
4104,0.003774817862100856
4105,0.0
4106,0.01510634309910505
4107,0.0
4108,0.03939041477680104
4109,0.0028033031500242127
4110,0.0
4111,0.0
4112,0.0
4113,0.0006251734519012846
4114,0.1484154832280812
4115,0.0
4116,0.0020617437752483135
4117,0.0
4118,0.000594447403121077
4119,0.03147254008909555
4120,0.0
4121,0.0
4122,0.009505876468927395
4123,0.0
4124,0.02209755998339135
4125,0.0
4126,0.0008599657888330997
4127,0.0005796792540836938
4128,0.0005782557394400717
4129,0.0
4130,0.0024390627637651224
4131,0.013604840880440897
4132,0.0022616508388508274
4133,0.0
4134,0.0043078425131697975
4135,0.0
4136,0.17573350814627145
4137,0.0
4138,0.0
4139,0.0018634347187107114
4140,0.0
4141,0.0
4142,0.0014833716701472437
4143,0.0
4144,0.0
4145,0.05216761937073215
4146,0.0
4147,0.0
4148,0.0
4149,0.0
4150,0.00017880393666503083
4151,0.0025240163378086574
4152,0.03695074566738424
4153,0.01298617190732465
4154,0.0
4155,0.0
4156,0.0
4157,0.0
4158,0.0010690633373698665
4159,0.0
4160,0.17449222429297287
4161,0.006694298294368463
4162,0.00442721360496476
4163,0.020583574550134678
4164,0.017433012539438027
4165,0.0
4166,0.0
4167,0.0
4168,0.0
4169,0.0
4170,0.0
4171,0.014446306526050083
4172,0.006889624641026712
4173,0.0
4174,0.0
4175,0.0
4176,0.0
4177,0.0
4178,0.21242127039625858
4179,0.0
4180,0.003743718274313539
4181,0.0
4182,0.0
4183,0.0059785679179350385
4184,0.0
4185,0.0
4186,0.0
4187,0.0005844008285042272
4188,0.0021095288259187607
4189,0.0
4190,0.0
4191,0.0
4192,0.0
4193,0.026423824650024467
4194,0.0032937217194821825
4195,0.0018414961382803637
4196,0.0
4197,0.0
4198,0.0011921323862632547
4199,0.0
4200,0.0
4201,0.0
4202,0.0
4203,0.005201195615592773
4204,0.034981118796233494
4205,0.0
4206,0.005412127776094593
4207,0.11460679842223548
4208,0.07886932474321366
4209,0.0
4210,0.006767511063099128
4211,0.001316776699685692
4212,0.06670325594474671
4213,0.0
4214,0.005745527526630518
4215,0.0
4216,0.0
4217,0.0024803339927890636
4218,0.007165002829875168
4219,0.0
4220,0.002091841451463306
4221,0.0
4222,0.0
4223,0.0
4224,0.0
4225,0.009375333900744985
4226,0.005078493825960599
4227,0.0
4228,0.0013284463385644825
4229,0.009269165141647783
4230,0.0112508464416826
4231,0.0
4232,0.0
4233,0.008136667379632603
4234,0.12046741699986095
4235,0.008791903254213945
4236,0.0
4237,0.0
4238,0.002552498151131096
4239,0.0
4240,0.041318363564042254
4241,0.0010704894109432475
4242,0.0009105979178490079
4243,0.0
4244,0.007685506949310703
4245,0.0022937678626490715
4246,0.0
4247,0.0
4248,0.0
4249,0.0
4250,0.0006135415123356453
4251,0.009997337957732168
4252,0.0
4253,0.0
4254,0.04489572845506093
4255,0.0
4256,0.09029707952188416
4257,0.015221924100676033
4258,0.013261024053374107
4259,0.000127934954324223
4260,0.048242985475088
4261,0.0
4262,0.0
4263,0.0
4264,0.011840604160243637
4265,0.0044640577051531785
4266,0.0
4267,0.0
4268,0.0
4269,0.004618355628691925
4270,0.06261696922725925
4271,0.0
4272,0.004751518475905278
4273,0.004635536146673644
4274,0.0
4275,0.0
4276,0.0
4277,0.012719236068152732
4278,0.0
4279,0.04573851239287643
4280,0.0
4281,0.0
4282,0.0023811785952523854
4283,0.0
4284,0.0
4285,0.0
4286,0.03960398591921848
4287,0.00018182027425865313
4288,0.015961834953470415
4289,0.0
4290,0.008386363140353344
4291,0.0
4292,0.0
4293,0.0
4294,0.0
4295,0.034944419171586305
4296,0.03423698516518529
4297,0.0
4298,0.0
4299,0.005396408455947677
4300,0.011036845391916248
4301,0.0010342042856521419
4302,0.0009304328604447859
4303,0.0043944740142474285
4304,0.0
4305,0.0
4306,0.005173931018343308
4307,0.0
4308,0.0
4309,0.0
4310,0.0
4311,0.0
4312,0.009571880726036028
4313,0.0685327503342375
4314,0.0
4315,0.03717020017275577
4316,0.024821190109550733
4317,0.0027429005931906554
4318,0.004514128102651397
4319,0.0
4320,0.019263723270658565
4321,0.0
4322,0.001724707935867453
4323,0.0
4324,0.0
4325,0.0
4326,0.005638584306252825
4327,0.022378925262487026
4328,0.0
4329,0.0
4330,0.14725195786805298
4331,0.0
4332,0.0
4333,0.0009216768825876067
4334,0.03745240330286093
4335,0.011142520253221171
4336,0.0011854627500471357
4337,0.0
4338,0.02454822934764554
4339,0.0
4340,0.008781853521765495
4341,0.0
4342,0.0
4343,0.0038958789813893398
4344,0.0
4345,0.0
4346,0.004805887831034533
4347,0.0
4348,0.0
4349,0.0227518555369747
4350,0.0027584167962276707
4351,0.1981407613773301
4352,0.0
4353,0.054267261731565625
4354,0.0
4355,0.0050356527712876785
4356,0.0
4357,0.07958048180313239
4358,0.00582701124257018
4359,0.03196995547723512
4360,0.017194991462597696
4361,0.00365005975667246
4362,0.0
4363,0.01193047967555526
4364,0.0
4365,0.002557767183738726
4366,0.00545011667905511
4367,0.0
4368,0.0
4369,0.0
4370,0.008544450938774664
4371,0.03287224867153603
4372,0.0
4373,0.0002405091175386864
4374,0.0
4375,0.0
4376,0.0
4377,0.0
4378,0.0
4379,0.017865242041890748
4380,0.028367012920109784
4381,0.012573985246870202
4382,0.03622317179721652
4383,0.04024881492651655
4384,0.0
4385,0.0
4386,0.0
4387,0.02380755568312038
4388,0.0010693999584162766
4389,0.03935088037205871
4390,0.002487711853449799
4391,0.0
4392,0.01910935312206621
4393,0.0
4394,0.0
4395,0.006701396355800686
4396,0.008712812042519119
4397,0.0009584070715669923
4398,0.013806201221984967
4399,0.0
4400,0.0
4401,0.0
4402,0.00034314163783167093
4403,0.0
4404,0.0
4405,0.006524196425305
4406,0.0012752569915844005
4407,0.0
4408,0.0
4409,0.0
4410,0.0009136669199681882
4411,0.0
4412,0.03010751900727524
4413,0.010172800847524286
4414,0.0
4415,0.0
4416,0.0
4417,0.19682096206294908
4418,0.0
4419,0.004773470581620355
4420,0.1072523277936683
4421,0.0
4422,0.0
4423,0.0
4424,0.0
4425,0.0
4426,0.17360356549067846
4427,0.0
4428,0.0
4429,0.0
4430,0.0
4431,0.0
4432,0.0017811037013207933
4433,0.014659572239701593
4434,0.010627690138260216
4435,0.0
4436,0.0
4437,0.0
4438,0.000342052047099729
4439,0.00019246044958543432
4440,0.0016812181686931872
4441,0.026834546581727386
4442,0.0
4443,0.0
4444,0.0
4445,0.0
4446,0.0
4447,0.0
4448,0.04663912058829119
4449,0.0
4450,0.03629424854714319
4451,0.2790415256005215
4452,0.0013657033941342986
4453,0.0
4454,0.0
4455,0.0
4456,0.0
4457,0.0
4458,0.0
4459,0.017514311895102455
4460,0.0
4461,6.336082261214968e-05
4462,0.0
4463,0.0
4464,0.0
4465,0.0
4466,0.0019960206594343347
4467,0.0
4468,0.0
4469,0.03309060472966248
4470,0.0
4471,0.0
4472,0.028925435550878953
4473,0.0004102594892079632
4474,0.0
4475,0.004078152198836954
4476,0.0
4477,0.020982539223835226
4478,0.00024360990138294584
4479,0.0
4480,0.012546267765662472
4481,0.0
4482,0.0028319149209292444
4483,0.0
4484,0.0
4485,0.0
4486,0.0
4487,0.017345620305261766
4488,0.0
4489,0.0
4490,0.0
4491,0.02679847823708102
4492,0.0
4493,0.009337674839532335
4494,0.0015531288957741358
4495,0.003404811514750638
4496,0.0
4497,0.0
4498,0.0
4499,0.0
4500,0.00670796586769154
4501,0.0
4502,0.0
4503,0.06110229174160433
4504,0.0
4505,0.00400152336412331
4506,0.05305341147016656
4507,0.0
4508,0.0
4509,0.0
4510,0.0
4511,0.0068036724958101796
4512,0.0
4513,0.0
4514,0.0
4515,0.003993361483735386
4516,0.0
4517,0.0
4518,0.0036629890165442484
4519,0.0736982859024118
4520,0.00012067766881523152
4521,0.0
4522,0.019046956268860646
4523,0.001349177039225771
4524,0.0
4525,0.0
4526,0.0
4527,0.0
4528,0.0
4529,0.001183981469811213
4530,0.0
4531,0.0
4532,0.0013258148101793954
4533,0.00394234358616197
4534,0.0
4535,0.0018166159492573964
4536,0.0
4537,0.0
4538,0.0
4539,0.0
4540,0.0
4541,0.0
4542,0.023423122694796666
4543,0.016245119162677544
4544,0.0
4545,0.0
4546,0.0
4547,0.0
4548,0.01870598510811568
4549,0.0
4550,0.0
4551,0.230561959294202
4552,0.02431510145274729
4553,0.0
4554,0.23675414130395198
4555,0.0
4556,0.0
4557,0.00517570108372128
4558,0.008169185147830453
4559,0.005038639057256036
4560,0.06714877885668075
4561,0.021241066069167244
4562,0.0
4563,0.07459609649463889
4564,0.00397015868152962
4565,0.0
4566,0.006635234875234373
4567,0.0
4568,0.0
4569,0.0
4570,0.0
4571,0.0
4572,0.007235897757676582
4573,0.008632857679152202
4574,0.0
4575,0.0
4576,0.0
4577,0.00024016051115916884
4578,0.0
4579,0.0
4580,0.00429116926978553
4581,0.0
4582,0.0
4583,0.03899276540282553
4584,0.0
4585,0.015994063077157047
4586,0.005040715287519255
4587,0.0
4588,0.013771555177125538
4589,0.00033326895227343384
4590,0.4405692160772556
4591,0.039125106636640074
4592,0.0
4593,0.0
4594,0.003805514790938568
4595,0.05211241220844797
4596,0.023016485595666672
4597,0.0
4598,0.00822371964780097
4599,0.0
4600,0.0
4601,0.0
4602,0.0085426873020881
4603,0.008090665474571998
4604,0.0
4605,0.0
4606,0.010706238563204075
4607,0.0
4608,0.0
4609,0.0
4610,0.05072887154535856
4611,0.24547804254904448
4612,0.0
4613,0.0
4614,0.011410687755462463
4615,0.0
4616,0.007671369959875347
4617,0.0006376801040448113
4618,0.0
4619,0.0
4620,0.005882905524181329
4621,0.09169099180965228
4622,0.01689298404618831
4623,0.0039037245124463145
4624,0.0044405736621983575
4625,0.0
4626,0.005260322102393385
4627,0.00847187053316796
4628,0.0
4629,0.0
4630,0.0
4631,0.0025768529012670694
4632,0.0
4633,0.0
4634,0.0
4635,0.0
4636,0.0065579005758208695
4637,0.0
4638,0.0029257216966758408
4639,0.0
4640,0.02739353614025201
4641,0.0
4642,0.0006081083041085185
4643,0.0033226633744493474
4644,0.0
4645,0.0
4646,0.18254193915752523
4647,0.0
4648,0.0
4649,0.004983568581696006
4650,0.036984215436615515
4651,0.025895464963736185
4652,0.08884514244628483
4653,0.0031701713962897925
4654,0.023549309132667087
4655,0.0
4656,0.0
4657,0.026351490126747215
4658,0.0
4659,0.0
4660,0.0018890433220148043
4661,0.0
4662,0.003637712232159402
4663,0.01852145571019256
4664,0.0018326944570550307
4665,0.0
4666,0.0
4667,0.06832770380355337
4668,0.0
4669,0.0030132903959520867
4670,0.023069249508794968
4671,0.0
4672,0.0
4673,0.0
4674,0.0
4675,0.0
4676,0.0
4677,0.0
4678,0.03271045098779059
4679,0.0
4680,0.0
4681,0.0
4682,0.0
4683,0.0004653113909931188
4684,0.0
4685,0.00942942023633264
4686,0.0
4687,0.008303635636781758
4688,0.009501691170176635
4689,0.002196917631129423
4690,0.0
4691,0.003482387509391853
4692,0.003108764630187793
4693,0.0013124354413526626
4694,0.004328947987513606
4695,0.006045890440886067
4696,0.005089104781913197
4697,0.009471459244199554
4698,0.0
4699,0.0005616782346635349
4700,0.03069384166444183
4701,0.0
4702,0.0
4703,0.0
4704,0.005970703930453767
4705,0.009847345833039886
4706,0.0
4707,0.0013948830643429446
4708,0.0010163971037399488
4709,0.0
4710,0.005270733109496712
4711,0.0
4712,0.005924265960083993
4713,0.08046197330263627
4714,0.0
4715,0.0
4716,0.0
4717,0.003671841920978169
4718,0.0
4719,0.03912795522440962
4720,0.0
4721,0.0
4722,0.02030509089328581
4723,0.0
4724,0.02050347522658394
4725,0.0
4726,0.0029087870963523635
4727,0.004725184252773609
4728,0.0021242564977484025
4729,0.015521933734230609
4730,0.0041592303493662615
4731,0.04217892830544876
4732,0.2390033790612255
4733,0.0010093728975075589
4734,0.07335325908753794
4735,0.006274448976739571
4736,0.0
4737,0.01688339139966101
4738,0.0
4739,0.016280993503438295
4740,0.06570786369417898
4741,0.0
4742,0.008261208632375767
4743,0.0
4744,0.0
4745,0.1743994700020285
4746,0.005810681018654573
4747,0.0
4748,0.004403374211252833
4749,0.0
4750,0.02565495823588652
4751,0.013884626056340544
4752,0.00043015999223847666
4753,0.004517210613836999
4754,0.11595112240832572
4755,0.0
4756,0.0
4757,0.0017453758187026473
4758,0.04764986514962273
4759,0.08101940982192248
4760,0.0
4761,0.0
4762,0.0
4763,0.0
4764,0.024082645278834445
4765,0.0
4766,0.013037964691507895
4767,0.0
4768,0.0026979090049880747
4769,0.0
4770,0.003921494161165552
4771,0.07865398175979682
4772,0.0
4773,0.0
4774,0.0
4775,0.0
4776,0.008524948173037292
4777,0.015175549103733905
4778,0.005719744381875586
4779,0.02205413172966478
4780,0.14873131284432256
4781,0.004408415987548983
4782,0.0
4783,0.0
4784,0.006219028017279932
4785,0.029107430647097993
4786,0.012045071568193379
4787,0.04230670226156564
4788,0.08433707468848632
4789,0.0
4790,0.03253474311663902
4791,0.0013287924477193682
4792,0.0
4793,0.0
4794,0.0
4795,0.0
4796,0.0
4797,0.21921645238749296
4798,0.01157823796963319
4799,0.008893003769891921
4800,0.010882703425261594
4801,0.0
4802,0.015812046128136054
4803,0.0
4804,0.0
4805,0.0
4806,0.00372970790973783
4807,0.0
4808,0.0
4809,0.004151722228173221
4810,0.012506448333724758
4811,0.0
4812,0.0
4813,0.002573854604099474
4814,0.0
4815,0.010113519681483378
4816,0.0
4817,0.0003949494030478805
4818,0.0
4819,0.0
4820,0.0
4821,0.0004675972202464297
4822,0.0
4823,0.0
4824,0.02631373918261888
4825,0.0
4826,0.0
4827,0.0
4828,0.0005234089911236981
4829,0.012732538796404017
4830,0.023275331221670074
4831,0.0
4832,0.006588993777558322
4833,0.0
4834,0.008727799859161256
4835,0.0
4836,0.007369307774908236
4837,0.06454830954988183
4838,0.0026197632804535196
4839,0.0
4840,0.011687596342174205
4841,0.0
4842,0.0
4843,0.007368289476975051
4844,0.0028233509583572643
4845,0.0
4846,0.0
4847,0.20270501558089143
4848,0.0
4849,0.06612805830833372
4850,0.0
4851,0.007278719087368644
4852,0.0019318093741460484
4853,0.0
4854,0.0
4855,0.025433891558799188
4856,0.006163191444434291
4857,0.0
4858,0.0
4859,0.0
4860,0.039724946743777745
4861,0.0
4862,0.05591883382634479
4863,0.02476164051927678
4864,0.01479326644213061
4865,0.0
4866,0.0
4867,0.025348297788307522
4868,0.0
4869,0.0
4870,0.0049503262307052185
4871,0.012234698447427965
4872,0.0015033953162816617
4873,0.0032325377487161327
4874,0.0
4875,0.002051679984696267
4876,0.0018784814911631514
4877,0.0
4878,0.0023885049650143853
4879,0.0
4880,0.0
4881,0.0
4882,0.001149778675950706
4883,0.012777967281798286
4884,0.0019920456844156643
4885,0.0
4886,0.0
4887,0.0
4888,0.0
4889,0.0
4890,0.04479238559969169
4891,0.0
4892,0.0
4893,0.0294977404477492
4894,0.0
4895,0.0
4896,0.0
4897,0.0
4898,0.026790885502832987
4899,0.2897998633444328
4900,0.017017998079054283
4901,0.011775750288993511
4902,0.0
4903,0.0
4904,0.07996914245364414
4905,0.0
4906,0.008057707445014863
4907,0.16170738963368214
4908,0.0
4909,0.0005392793536385474
4910,0.0
4911,0.0
4912,0.0
4913,0.0
4914,0.0
4915,0.022060094744488536
4916,0.0
4917,0.0
4918,0.04456776122544636
4919,0.003390192166562224
4920,0.002246193369026782
4921,0.0
4922,0.008850653994529282
4923,0.0
4924,0.0
4925,0.0
4926,0.0
4927,0.0
4928,0.012605977040165282
4929,0.01836519639056633
4930,0.0
4931,0.0
4932,0.0
4933,0.011226635979061516
4934,0.0
4935,0.1400518808575633
4936,0.0018990007730103093
4937,0.0
4938,0.0
4939,0.0
4940,0.0015337098422154197
4941,0.0008768597191387511
4942,0.0
4943,0.035338665263246985
4944,0.0
4945,0.0005747597376699943
4946,0.0007341654635054643
4947,0.0
4948,0.0
4949,0.0
4950,0.028324673184665427
4951,0.005586797169620509
4952,0.0
4953,0.0
4954,0.00967273905301908
4955,0.0
4956,0.0032218059961693375
4957,0.00809567463682347
4958,0.0
4959,0.0002184269063767612
4960,0.0
4961,0.006374949018096154
4962,0.0
4963,0.0
4964,0.0
4965,0.0
4966,0.0
4967,0.0
4968,0.0
4969,0.022679250979536304
4970,0.0018013203767373131
4971,0.0
4972,0.0
4973,0.0
4974,0.012626824100641696
4975,0.0
4976,0.0
4977,0.01806065248574089
4978,0.0
4979,0.0
4980,0.0
4981,0.01607193312036507
4982,0.002370882913861131
4983,0.0
4984,0.027183602733287255
4985,0.1610926437184701
4986,0.0
4987,2.774600098458565e-06
4988,0.0
4989,0.0
4990,0.016661495907124676
4991,0.007409591657214842
4992,0.06933671446983648
4993,0.0023157174406544714
4994,0.006959352257097067
4995,0.0
4996,0.004246023820718128
4997,0.06507022961194595
4998,0.0
4999,0.03217104883368165
5000,0.03439474223118524
5001,0.021983233464142
5002,0.14843692515911588
5003,0.0
5004,0.0
5005,0.01036037568976622
5006,0.05870214175955522
5007,0.0034589741323899936
5008,0.020741032678725912
5009,0.0
5010,0.0
5011,0.0017261503837417802
5012,0.013662661537741875
5013,0.0
5014,0.00044266371067303825
5015,0.0
5016,0.0
5017,0.0
5018,0.0004931824668036368
5019,0.0
5020,0.006531771131711348
5021,0.007951219133175317
5022,0.01829645826325625
5023,0.00168957500844355
5024,0.003283853489907902
5025,0.0
5026,0.0012709235544212745
5027,0.0014274111538689395
5028,0.08312175209904069
5029,0.006995833174918779
5030,0.0
5031,0.0
5032,0.009017213423269247
5033,0.008121894797226676
5034,0.0
5035,0.0
5036,0.015623024605084558
5037,0.008590828917457114
5038,0.008703079435453436
5039,0.0
5040,0.004328652252440753
5041,0.01286588770052907
5042,7.342125484155e-05
5043,0.0068733559755322846
5044,0.014402316583295815
5045,0.0
5046,0.0
5047,0.0
5048,0.0
5049,0.0
5050,0.0
5051,0.0
5052,0.011506462388837787
5053,0.0
5054,0.0
5055,0.005770841750068116
5056,0.0
5057,0.009084646774480535
5058,0.0
5059,0.00028227805384562914
5060,0.06482748544128793
5061,0.0034396190937565877
5062,0.0001169365601106749
5063,0.0
5064,0.003871440759093315
5065,0.0
5066,0.016172723853348184
5067,0.0
5068,0.0
5069,0.0032555861056128036
5070,0.006537108055176627
5071,0.0
5072,0.022853977314396447
5073,0.0
5074,0.0
5075,0.0
5076,0.005341548810593667
5077,0.012953914882884313
5078,0.0010042829820006587
5079,0.0
5080,0.0
5081,0.017371492424796346
5082,0.0016789264389630333
5083,0.0
5084,0.0
5085,0.0
5086,0.0
5087,0.0
5088,0.0
5089,0.0
5090,0.0
5091,0.004999838821453922
5092,0.008956331671771931
5093,0.0032265317638765674
5094,0.0196273863288094
5095,0.024389983260893366
5096,0.0
5097,0.0010132805370767438
5098,0.0
5099,0.0
5100,0.0
5101,0.0
5102,0.0
5103,0.0
5104,0.0
5105,0.0014861706376650158
5106,0.0
5107,0.0
5108,0.017963304502883297
5109,0.0
5110,0.00012528631296429001
5111,0.06054804235887893
5112,0.0006787021593466029
5113,0.0
5114,0.0
5115,0.014166231503858106
5116,0.0
5117,0.15861579409483256
5118,0.0
5119,0.020788517538427132
5120,0.0
5121,0.0038969643149536683
5122,0.0016073611680802215
5123,0.0
5124,0.0
5125,0.0009132997462567548
5126,0.012223450371363388
5127,0.027061035266534018
5128,0.0
5129,0.0
5130,0.0
5131,0.030501377271531422
5132,0.009616555769651137
5133,0.0016601773560765522
5134,0.002926770860618024
5135,0.06159958913806559
5136,0.0
5137,0.015214641102761271
5138,0.0
5139,0.08247867177589117
5140,0.06107678457425266
5141,0.0
5142,0.08147989248122925
5143,0.03296999538625105
5144,0.004317762953544745
5145,0.0
5146,0.0
5147,0.0013448043583291888
5148,0.01901625077344547
5149,0.0
5150,0.053889574332582735
5151,0.06632934310250103
5152,0.0
5153,0.0
5154,0.00518061802020602
5155,0.0003738704814668681
5156,0.29525232214741864
5157,0.0
5158,0.0
5159,0.010727207536928999
5160,0.0
5161,0.005216114514834655
5162,0.00865964637073649
5163,0.0
5164,0.0
5165,0.0
5166,0.0015894498349533633
5167,0.0
5168,0.00799445905380884
5169,0.0005309106343945248
5170,0.0
5171,0.0011568559694144004
5172,0.0
5173,0.0036451278632721436
5174,0.0
5175,0.000835650526573553
5176,0.0
5177,0.1422761058482817
5178,0.2654970080565467
5179,0.008866612083104826
5180,0.0012682490817241797
5181,0.0
5182,0.0
5183,0.0
5184,0.0
5185,0.0
5186,0.018921869610939366
5187,0.0
5188,0.0
5189,0.0
5190,0.00781195828600573
5191,0.0
5192,0.00044731386689050574
5193,0.0
5194,0.0
5195,0.0
5196,0.01971126216093716
5197,0.0
5198,0.007197035399611091
5199,0.0
5200,0.0
5201,0.003973346730312716
5202,0.0
5203,0.0
5204,0.0
5205,0.0017572614756236973
5206,0.008828236579456385
5207,0.0
5208,0.0
5209,7.740720332503122e-05
5210,0.004188166821681864
5211,0.0
5212,0.0
5213,0.027442612545671992
5214,0.022110568138900766
5215,0.0020537970220362565
5216,0.019113401578249166
5217,0.0
5218,0.011680371467231582
5219,0.0
5220,0.012085854353240768
5221,0.0
5222,0.0
5223,0.0641467984423413
5224,0.0
5225,0.010039809743746445
5226,0.0
5227,0.0008107454022204822
5228,0.0
5229,0.00285320748541181
5230,0.0
5231,0.0014111622942802225
5232,0.0
5233,0.00430952549874124
5234,0.0016662614589262302
5235,0.005216091168646872
5236,0.0
5237,0.01648089975082779
5238,0.0
5239,0.0
5240,0.006832462095778015
5241,0.050012419274050514
5242,0.0
5243,0.0
5244,0.015214882628731713
5245,0.0
5246,0.0011299209084057278
5247,0.021578780728155028
5248,0.0
5249,0.015147100244615694
5250,0.009725386634905202
5251,0.01346766903023974
5252,0.0
5253,0.0
5254,0.0
5255,0.0060239245847502195
5256,0.013453002885306167
5257,0.0
5258,0.0
5259,0.0
5260,0.008697737254697644
5261,0.0016628354575206367
5262,0.0
5263,0.0
5264,0.0
5265,0.0
5266,0.004332028868758809
5267,0.0
5268,0.0
5269,0.005617462361277112
5270,0.0
5271,0.0
5272,0.02263367590020243
5273,0.0008927562235551174
5274,0.0
5275,0.004447792134761018
5276,0.007112038253149776
5277,0.0
5278,0.0
5279,0.002384210331540302
5280,0.0
5281,0.0
5282,0.0
5283,0.0
5284,0.0
5285,0.03545245371591577
5286,0.0
5287,0.0
5288,0.0
5289,0.046852326874973524
5290,0.06291465573430041
5291,0.24695872174425085
5292,0.080266917063254
5293,0.02179393215974656
5294,0.0
5295,0.14297988378849324
5296,0.0
5297,0.0
5298,0.011254273136878469
5299,0.0
5300,0.0
5301,0.017452952203719493
5302,0.010261891879632536
5303,0.0
5304,0.001641901688192733
5305,0.0
5306,0.004043837550893262
5307,0.024548642449831102
5308,0.0
5309,0.0
5310,0.04126681724513678
5311,0.0
5312,0.020335411715453076
5313,0.24971646527340347
5314,0.016302697444303935
5315,0.0
5316,0.0009872260581988684
5317,0.003202829944951342
5318,0.0
5319,0.0
5320,0.0
5321,0.009630295046240448
5322,0.0009411613736997205
5323,0.06247580260858263
5324,0.00504513079576112
5325,0.007836991388752195
5326,0.0
5327,0.02587115102102065
5328,0.007924891164258163
5329,0.0
5330,0.06766393651387499
5331,0.0
5332,0.0
5333,0.0
5334,0.0
5335,0.0
5336,0.0005509071526830397
5337,0.00687230107506912
5338,0.024497464605647466
5339,0.0
5340,0.0
5341,0.016230113191083036
5342,0.00039896790029554354
5343,0.0
5344,0.0
5345,0.0
5346,0.09488148361665692
5347,0.0
5348,0.004479650531132777
5349,0.0
5350,0.0003837738725878995
5351,0.0
5352,0.0
5353,0.0
5354,0.03158781520651554
5355,0.0
5356,0.0
5357,0.0
5358,0.09897583613612627
5359,0.007494762823393981
5360,0.01277917231891818
5361,0.0031252828114284774
5362,0.0
5363,0.0
5364,0.0
5365,0.0
5366,0.002581838474379649
5367,0.029898910983128413
5368,0.0
5369,0.06149908926294323
5370,0.02892980012467612
5371,0.00861167573108065
5372,0.13749664716337776
5373,0.03731969902769351
5374,0.01715913169522621
5375,0.0048360442696211686
5376,0.004400733330186196
5377,0.0
5378,0.0
5379,0.0
5380,0.0
5381,0.0
5382,0.01627158491024639
5383,0.0
5384,0.0040839815862867
5385,0.060450505613044436
5386,0.0016613501573984636
5387,0.0
5388,0.09459399314180884
5389,0.0036413857052628677
5390,0.000197568720221758
5391,0.0
5392,0.0
5393,0.0
5394,0.03832427160031953
5395,0.03640486317350274
5396,0.20102682985210937
5397,0.0
5398,0.004902649054359182
5399,0.0
5400,0.0
5401,0.05092746968192197
5402,0.0
5403,0.0
5404,0.0
5405,0.07761264330062978
5406,0.0
5407,0.019801473176429742
5408,0.15232849708270543
5409,0.0047836875884746674
5410,0.0
5411,0.0
5412,0.0
5413,0.0
5414,0.0017088164628039882
5415,0.003071318618383244
5416,0.007159557578313507
5417,0.0028349375768636103
5418,0.0
5419,0.0
5420,0.005012884166937599
5421,0.0017486441812614136
5422,0.0072649466030623375
5423,0.03968401717626334
5424,0.0161367277089028
5425,0.0
5426,0.011532463980935694
5427,0.00023995671804501385
5428,0.0
5429,0.0
5430,0.01835879843677229
5431,0.024492695175936902
5432,0.0
5433,0.0044324746918588485
5434,0.028239529293890838
5435,0.0
5436,0.0
5437,0.012186944680336438
5438,0.0
5439,0.0
5440,0.0
5441,0.005073122838061978
5442,0.023075927669592884
5443,0.0
5444,0.0
5445,0.0066927757770799175
5446,0.0
5447,0.0
5448,0.0
5449,0.008443836400626313
5450,0.0
5451,0.0
5452,0.005506550378736167
5453,0.008892927578366443
5454,0.008652751356909944
5455,0.0
5456,0.0
5457,0.001856061741776279
5458,0.0016528580391684563
5459,0.0008229078606632271
5460,0.0
5461,0.02091465961459037
5462,0.0
5463,0.09774284060010806
5464,0.0016776713261527619
5465,0.0
5466,0.048869094050312464
5467,0.0008894733035059326
5468,0.017642013863863843
5469,0.0
5470,0.0
5471,0.006104689812013605
5472,0.0009556815199346617
5473,0.009505296804432871
5474,0.0
5475,0.0
5476,0.0
5477,0.0021791562333698176
5478,0.007579844225657537
5479,0.01974189842054761
5480,0.007735557064509182
5481,0.0
5482,0.0
5483,0.0
5484,0.02632349980098253
5485,0.0
5486,0.00917296758981568
5487,0.0
5488,0.0027929259115664954
5489,0.0
5490,0.0
5491,0.07612276612524074
5492,0.005249633972236393
5493,0.0
5494,0.00607229975990007
5495,0.0
5496,0.0
5497,0.0
5498,0.0006176099368201418
5499,0.004092347800446763
5500,0.008985248174786832
5501,0.0
5502,0.014281989013722773
5503,0.0
5504,0.0
5505,0.0
5506,0.09129049842739671
5507,0.02001687587630612
5508,0.02317940464192487
5509,0.023589033639443188
5510,0.0
5511,0.0
5512,0.01434892326216408
5513,0.0
5514,0.0
5515,0.0
5516,0.0
5517,0.010014497743818771
5518,0.0
5519,0.023772418220061167
5520,0.020821579019224646
5521,0.0005297996327255376
5522,0.0
5523,0.019512620981089163
5524,0.10495107987155045
5525,0.0
5526,0.0
5527,0.005024129162970033
5528,0.012354535756825867
5529,0.0
5530,0.0
5531,0.0
5532,0.0
5533,0.0005414062608742861
5534,0.005250650660901428
5535,0.0
5536,0.0
5537,0.0
5538,0.0
5539,0.029081222538322286
5540,0.0
5541,0.011250850839857955
5542,0.0
5543,0.0014630459040543586
5544,0.05817518375047343
5545,0.0
5546,0.0
5547,0.0
5548,0.0
5549,0.008455279120377447
5550,0.007988630488025127
5551,0.0007707918840415173
5552,0.02353368155776932
5553,0.006487241433791949
5554,0.008566324261575893
5555,0.00935364251995581
5556,0.0
5557,0.002283587239716469
5558,0.1713047399608719
5559,0.0
5560,0.0
5561,0.0033085211545395986
5562,0.015201673688869174
5563,0.0
5564,0.0
5565,0.0
5566,0.0
5567,0.003801681125583262
5568,0.0
5569,0.011712608434848327
5570,0.0
5571,0.08578350421876228
5572,0.0
5573,0.007757301170603307
5574,0.0
5575,0.046682188623355034
5576,0.0
5577,0.0
5578,0.0009962002594643992
5579,0.002245479463616069
5580,0.0
5581,0.0065511638861020065
5582,0.003744444430898174
5583,0.012699285396278808
5584,0.008656411567384845
5585,0.0
5586,0.0
5587,0.0
5588,0.07777012829394199
5589,0.00812406628690172
5590,0.0
5591,0.022084880817429486
5592,0.0
5593,0.0002676958204707369
5594,0.0
5595,0.0
5596,0.024131926536730394
5597,0.0
5598,0.0
5599,0.0
5600,0.0
5601,0.003249844809351499
5602,0.0
5603,0.0
5604,0.0
5605,0.005758126536218206
5606,0.04635753034335809
5607,0.02291164199571521
5608,0.0032145287193301453
5609,0.006499621723217914
5610,0.0
5611,0.0
5612,0.023055416983497678
5613,0.02413099230951593
5614,0.003012981038718861
5615,0.0
5616,0.0
5617,0.0
5618,0.0
5619,0.05173877048677615
5620,0.002252354805789739
5621,0.0
5622,0.0024630235296287887
5623,0.0
5624,0.06518698769944704
5625,0.0009598766609590621
5626,0.0
5627,0.0729549457496743
5628,0.0
5629,0.046499545817988805
5630,0.0
5631,0.001010798868153095
5632,0.0011925433681278838
5633,0.02774807653010262
5634,0.025152792645035834
5635,0.0
5636,0.0
5637,0.005544336616666415
5638,0.013325385874677877
5639,0.0
5640,0.0
5641,0.0
5642,0.0
5643,0.0
5644,0.19560125242993348
5645,0.008417455497510508
5646,0.0023913092306732677
5647,0.0
5648,0.014872940417826917
5649,0.0
5650,0.017557986911544064
5651,0.0003445261858047355
5652,0.0
5653,0.004282517124567527
5654,0.0
5655,0.0
5656,0.11632389990749689
5657,0.0
5658,0.0
5659,0.038881573229291755
5660,0.004976797020155219
5661,0.0
5662,0.14420794532380368
5663,0.003247337705247754
5664,0.003979360496830494
5665,0.04860559454019374
5666,0.0
5667,0.0
5668,0.0
5669,0.0
5670,0.1739816158422764
5671,0.02154305365585572
5672,0.0
5673,0.05642439312032916
5674,0.0054950208387958355
5675,0.0
5676,0.0
5677,0.012870035554981339
5678,0.013750463879800464
5679,0.0
5680,0.0
5681,0.20462188731145026
5682,0.0
5683,0.19743155774788926
5684,0.005937269552138844
5685,0.0
5686,0.0
5687,0.0009437144774593199
5688,0.0
5689,0.0
5690,0.0
5691,0.025005455973485514
5692,0.11127383180651418
5693,0.0
5694,0.0
5695,0.0
5696,0.0
5697,0.0
5698,0.0017657428663670842
5699,0.0
5700,0.0
5701,0.005664017534301115
5702,0.001665563667775092
5703,0.004106233655402238
5704,0.03030094336378277
5705,0.0
5706,0.0
5707,0.0
5708,0.011238658377579168
5709,0.0
5710,0.0
5711,0.015378943906112332
5712,0.01468014311987636
5713,0.0
5714,0.0
5715,0.0
5716,8.442783444013273e-06
5717,0.0
5718,0.0
5719,0.00010477846990026454
5720,0.0
5721,0.047498720129000284
5722,0.0
5723,0.0
5724,0.0
5725,0.0
5726,0.0016093496928482403
5727,0.0018927142710031648
5728,0.002618235747371675
5729,0.08509340966384579
5730,0.0
5731,0.0
5732,0.0
5733,0.0
5734,0.005152223589497546
5735,0.0011602685543039167
5736,0.00622610067802401
5737,0.0
5738,0.06546300157101632
5739,0.0
5740,0.0
5741,0.0
5742,0.0004178706986451412
5743,0.012854637252018759
5744,0.0
5745,0.0
5746,0.0
5747,0.0
5748,0.007924881757812361
5749,0.0027451714912149613
5750,0.0
5751,0.0
5752,0.0
5753,0.011935438560867704
5754,0.0016992725922140247
5755,0.0
5756,0.0
5757,0.0
5758,0.020426175456908315
5759,0.006083980478692693
5760,0.0007863192756361109
5761,0.0
5762,0.021838738909133276
5763,0.025729933846258615
5764,0.0016731019880315914
5765,0.0003587341157211149
5766,0.0017597012241396355
5767,0.0015051171195255358
5768,0.0
5769,0.10742674726376727
5770,0.0
5771,0.0
5772,0.017194447428051922
5773,0.1664626024650723
5774,0.006921083148307437
5775,0.018411539556943777
5776,0.0
5777,0.05089223534264885
5778,0.0
5779,0.04289934664598535
5780,0.0
5781,0.011797336147954697
5782,0.0293789187949797
5783,0.020684632948550052
5784,0.0
5785,0.0
5786,0.0044194327710241526
5787,0.0
5788,0.0022962845636647243
5789,0.0
5790,0.003659548442768211
5791,0.008438341841001088
5792,0.0
5793,0.0
5794,0.013129405480690783
5795,0.024793996103604565
5796,0.002203741883060364
5797,0.0053452063725733506
5798,0.0
5799,0.04758321203583984
5800,0.0
5801,0.0
5802,0.0
5803,0.0
5804,0.0367232192158139
5805,0.0
5806,0.004367085543622743
5807,0.012399898881811009
5808,0.0
5809,0.001596094330569679
5810,0.0
5811,0.0
5812,0.04959398885743144
5813,0.0004575103682289239
5814,0.0
5815,0.0
5816,0.0021604597223910025
5817,0.0
5818,0.0
5819,0.0
5820,0.005092934933962506
5821,0.0
5822,0.0
5823,0.006281162533929074
5824,0.00044140773973015983
5825,0.0
5826,0.0
5827,0.0
5828,0.08076426973562839
5829,0.003168824701097446
5830,0.00017116105333667207
5831,0.051734480841562944
5832,0.02050916438856626
5833,0.0
5834,0.055737147257072364
5835,0.002593763700083716
5836,0.03256595843678455
5837,0.0
5838,0.0
5839,0.023459652201982897
5840,0.0
5841,0.005553230595956186
5842,0.0
5843,0.0017828582658875195
5844,0.0
5845,0.0
5846,0.0
5847,0.0
5848,0.008101816382673457
5849,0.008338178113546939
5850,0.0
5851,0.0
5852,0.0
5853,0.0
5854,0.0
5855,0.0
5856,0.004034930790005761
5857,0.24734296590715446
5858,0.0
5859,0.0
5860,0.02331094785898383
5861,0.0
5862,0.0
5863,0.013384081730934973
5864,0.1332174847839657
5865,0.0004888982971632756
5866,0.0
5867,0.0006761739066055823
5868,0.026569402718432913
5869,0.00613046555708089
5870,0.0
5871,0.02963509865579009
5872,0.026716571259549755
5873,0.0
5874,0.0
5875,0.006784285170947971
5876,0.0
5877,0.0
5878,0.007379111737013546
5879,0.0040889070368458425
5880,0.07121083972295417
5881,0.005755217184151176
5882,0.02422165966285698
5883,0.0019081241067586225
5884,0.00856874461040342
5885,0.0017677231336340163
5886,0.015192863701650369
5887,0.006766801851951524
5888,0.004242113834902345
5889,0.006726434831923587
5890,0.0
5891,0.0
5892,0.0
5893,0.0
5894,0.009248254518561481
5895,0.00022598641578312764
5896,0.0018451059443975058
5897,0.0
5898,0.004274708239108698
5899,0.0
5900,0.010354885026111598
5901,0.001195466174331253
5902,0.005361811198264388
5903,0.0
5904,0.0
5905,0.005466449490396828
5906,0.011958086330370134
5907,0.0
5908,0.004930631265433185
5909,0.0
5910,0.06310862267667165
5911,0.0
5912,0.0
5913,0.0
5914,0.0
5915,0.0038195737299426655
5916,0.011257714105575448
5917,0.05714851903909003
5918,0.0
5919,0.0
5920,0.0
5921,0.0
5922,0.0031977953392534945
5923,0.005827304785378628
5924,0.0
5925,0.08644504306848423
5926,0.0
5927,0.0
5928,0.010441156959528838
5929,0.0
5930,0.0
5931,0.005773974471181375
5932,0.002553952180198934
5933,0.0
5934,0.012752549222806338
5935,0.07994731663732246
5936,0.0
5937,0.0
5938,0.003337711216950566
5939,0.013704344952701916
5940,0.0
5941,0.028259292444803328
5942,0.005866168934641466
5943,0.005507346524357237
5944,0.0
5945,0.01495131239023
5946,0.0
5947,0.0
5948,0.021398935595904438
5949,0.0
5950,0.02129931442140842
5951,0.0030015830572592173
5952,0.0
5953,0.0449585249246974
5954,0.004881602747866088
5955,0.002480995791809525
5956,0.004177184275504013
5957,0.0
5958,0.0
5959,0.0
5960,0.0
5961,0.0
5962,0.0
5963,0.00596151868586465
5964,0.0043908897546126695
5965,0.008750654212408891
5966,0.0049464674767597736
5967,0.10779719714974659
5968,0.0
5969,0.0
5970,0.0
5971,0.0
5972,0.0
5973,0.024221238245348702
5974,0.0
5975,0.0
5976,0.0
5977,0.0
5978,0.3165742215404018
5979,0.0
5980,0.018937600715272628
5981,0.0
5982,0.048838501491264265
5983,0.0
5984,0.0
5985,0.007970761847149715
5986,0.012131723342790772
5987,0.0
5988,0.006434816104138822
5989,0.0
5990,0.08096469496121171
5991,0.0008988867669306053
5992,0.0
5993,0.016565903141636595
5994,0.0017320041959146216
5995,0.0
5996,0.0
5997,0.0
5998,0.10563231830193588
5999,0.0
6000,0.0020291784117299943
6001,0.0
6002,0.0
6003,0.08792119565138531
6004,0.005990230970171794
6005,0.0002820635495774547
6006,0.007485698779603984
6007,0.0
6008,0.004981142156855349
6009,0.027326214019374736
6010,0.0
6011,0.004279837979689942
6012,0.0
6013,0.0
6014,0.006183484357071358
6015,0.0
6016,0.0
6017,0.0
6018,0.007080496093664332
6019,0.007939967425740194
6020,0.0
6021,0.0023937105619847437
6022,0.0
6023,0.0490548555530744
6024,0.0
6025,0.01658857412798885
6026,0.0
6027,0.0
6028,0.017378038378675353
6029,0.0
6030,0.003391817866939415
6031,0.01273754020986985
6032,0.0
6033,0.030775127852153205
6034,0.0
6035,0.012571257711434969
6036,0.0
6037,1.6731344997256924e-05
6038,0.009260268600854058
6039,0.0
6040,0.0
6041,0.11514792691675767
6042,0.0
6043,0.0
6044,0.0027165007055970232
6045,0.0
6046,0.0
6047,0.0
6048,0.0
6049,0.005598024665380547
6050,0.0060032348575852065
6051,0.0
6052,0.0051244914270444815
6053,0.0
6054,0.0
6055,0.0021772772511773615
6056,0.0
6057,0.009626597650042857
6058,0.0
6059,0.001751449761547445
6060,0.010201116887084364
6061,0.04621579795118027
6062,0.0
6063,0.0028576960085956444
6064,0.0
6065,0.059979624685668614
6066,0.001101627244783987
6067,0.0
6068,0.0
6069,0.059806940287493865
6070,0.0
6071,0.0
6072,0.0
6073,0.0
6074,0.0
6075,0.001709463504686995
6076,0.059740131297850656
6077,0.0
6078,0.009277953183008359
6079,0.11325994903248064
6080,0.0
6081,0.001467365756820245
6082,0.0
6083,0.10556575729702819
6084,0.0
6085,0.0
6086,0.0
6087,0.00806956912530381
6088,0.0021191540578697245
6089,0.0012187477167358955
6090,0.06926570619591049
6091,0.0
6092,0.0
6093,0.0025446597878584203
6094,0.0166414890199562
6095,0.056185352716562435
6096,0.0022045160172965875
6097,0.0
6098,0.0
6099,0.005986090204396188
6100,0.009497796259983945
6101,0.025216458442135353
6102,0.0
6103,0.015792632994482986
6104,0.011106417122725648
6105,0.0
6106,0.0
6107,0.007864495338148113
6108,0.0
6109,0.0416347240407958
6110,0.008425819750338952
6111,0.002583354447994519
6112,0.0
6113,0.0
6114,0.0
6115,0.02081190047892644
6116,0.0005453503754637211
6117,0.0
6118,0.005899049823698268
6119,0.0
6120,0.002080614095319069
6121,0.0
6122,0.004217936921317377
6123,9.744440787784638e-05
6124,0.0
6125,0.0
6126,0.0
6127,0.0
6128,0.0037204025726368405
6129,0.0
6130,0.007531185995719399
6131,0.0
6132,0.0
6133,0.00024836324156110297
6134,0.0
6135,0.0
6136,0.17840127259697564
6137,0.0
6138,0.0
6139,0.23757256242581334
6140,0.004124796692637818
6141,0.006505840718306928
6142,0.0
6143,0.0010721637729867986
6144,0.0
6145,0.0
6146,0.0022059720209029712
6147,0.008268952889573274
6148,0.0
6149,0.04314182709416922
6150,0.0596595130775278
6151,0.01034107467231648
6152,0.40237066080694384
6153,0.0038880664234439578
6154,0.0
6155,0.011537525036443048
6156,0.0
6157,0.0015499022786337722
6158,0.004347737129706871
6159,0.0013311266675921178
6160,0.04921051610898662
6161,0.0
6162,0.0
6163,0.0
6164,0.0
6165,0.025349310785420676
6166,0.008656111419449204
6167,0.0
6168,0.0
6169,0.015857021780851695
6170,0.0
6171,0.0
6172,0.0
6173,0.0
6174,0.0
6175,0.0021118072548049426
6176,0.0
6177,0.0008148234639394666
6178,0.001128708829128162
6179,0.06722514000552159
6180,0.0
6181,0.0007475466882008104
6182,0.09224789325536782
6183,0.004912421697019005
6184,0.15741352703789088
6185,0.0
6186,0.0
6187,0.0
6188,0.027985011137773366
6189,0.021199494705451703
6190,0.18092284871625575
6191,0.0017661964702772768
6192,0.04189214785453918
6193,0.0
6194,0.0
6195,0.0012405506169403011
6196,0.005074324488472971
6197,0.0
6198,0.006739156873604473
6199,0.17872742175176795
6200,0.004637559388932402
6201,0.002903621176294114
6202,0.012772473166504393
6203,0.19914049460206423
6204,0.0
6205,0.0
6206,0.0
6207,0.013740548414901767
6208,0.025762787763744643
6209,0.0
6210,0.0
6211,0.009169364005535065
6212,0.0
6213,0.002674181335239162
6214,0.0
6215,0.0223103251994036
6216,0.0
6217,0.0
6218,0.002450646925829354
6219,0.0012774907324944742
6220,0.0
6221,0.0
6222,0.0
6223,0.010663695065464919
6224,0.0
6225,0.0
6226,0.0
6227,0.0
6228,0.0
6229,0.0
6230,0.0
6231,0.030618084113230765
6232,0.0
6233,0.05576138430408452
6234,0.001469594325755944
6235,0.0
6236,0.0
6237,0.0
6238,9.926909146150693e-05
6239,0.07506146162872787
6240,0.09988841075218663
6241,0.00024253574634140425
6242,0.0
6243,0.0
6244,0.0
6245,0.0
6246,0.0
6247,0.07443301170806385
6248,0.0
6249,0.0
6250,0.0
6251,0.0
6252,0.0
6253,0.0
6254,0.046543093539144764
6255,0.0
6256,0.0
6257,0.003912443261298662
6258,0.0
6259,0.0
6260,0.007721979036441301
6261,0.0
6262,0.0
6263,0.0
6264,0.0
6265,0.0
6266,0.0
6267,0.0
6268,0.0
6269,0.08179589419613205
6270,0.0015781152015683726
6271,0.06514289860064533
6272,0.0
6273,0.00019886442888878225
6274,0.00920190868946615
6275,0.0015155058141061
6276,0.0
6277,0.0
6278,0.0
6279,0.0
6280,0.008065449355888325
6281,0.0
6282,0.0036630454939270045
6283,0.0
6284,0.017613496442369897
6285,0.0
6286,0.0
6287,0.0
6288,0.019840359027125883
6289,0.05027340465112621
6290,0.0
6291,0.0021353410462323385
6292,0.025786463372203562
6293,0.12214724335001449
6294,0.0
6295,0.003061164621795474
6296,0.0
6297,0.025024873981068025
6298,0.0
6299,0.007218074806231492
6300,0.009257742606522432
6301,0.0
6302,0.006517066894006978
6303,0.0009683626101730391
6304,0.0009033156712778356
6305,0.02327348223451234
6306,0.0
6307,0.0
6308,0.0
6309,0.0
6310,0.0023396668844046136
6311,0.0
6312,0.0
6313,0.003701352891007407
6314,0.007208509014586641
6315,0.0
6316,0.0
6317,0.0628477695865577
6318,0.0
6319,0.0019592644980513654
6320,0.0
6321,0.0
6322,0.0
6323,0.0
6324,0.0
6325,0.0036100732760956746
6326,0.008536334186463579
6327,0.0
6328,0.004905488746257212
6329,0.00925283798600835
6330,0.0
6331,0.000980438001303001
6332,0.0
6333,0.0
6334,0.0
6335,0.0
6336,0.0
6337,0.01044016747785821
6338,0.0030009055043733893
6339,0.0025294409671405838
6340,0.0
6341,0.0
6342,0.008182306603372628
6343,0.019289514135586154
6344,0.0
6345,0.0011808937341929162
6346,0.02322394087375247
6347,0.010721584648844085
6348,0.0008149692639615648
6349,0.007500775474814028
6350,0.0
6351,0.0
6352,0.008666322998125156
6353,0.0
6354,0.0
6355,0.0
6356,0.0
6357,0.0
6358,0.0
6359,0.0
6360,0.0
6361,0.05566374208993626
6362,0.0
6363,0.0018945158302788921
6364,0.005335587862450385
6365,0.008350602289794503
6366,0.00034286710585375784
6367,0.0
6368,0.0
6369,0.0
6370,0.0
6371,0.0
6372,0.0
6373,0.0
6374,0.0
6375,0.0
6376,0.0
6377,0.01822257535103447
6378,0.0
6379,0.022279004630509275
6380,0.0
6381,0.32346765942286104
6382,0.009181550141849796
6383,0.016285834745820932
6384,0.0010148617130692817
6385,0.0010218990153623264
6386,0.06338100403774502
6387,0.004424902145499814
6388,0.0
6389,0.0
6390,0.01897089059397052
6391,0.0
6392,0.0005007613563183963
6393,0.05772074974459861
6394,0.04817072236657346
6395,0.0
6396,0.0
6397,0.0
6398,0.007506303936648935
6399,0.0
6400,0.0
6401,0.0
6402,0.005969056909485182
6403,0.0
6404,0.013744800310598068
6405,0.004512936479278538
6406,0.0
6407,0.0
6408,0.0
6409,0.009867348768583476
6410,0.0
6411,0.0
6412,0.0
6413,0.0010525423151171683
6414,0.18991995086571187
6415,0.0
6416,0.0
6417,0.04883391683837783
6418,0.0
6419,0.0171127099736048
6420,0.010335479036958202
6421,0.0
6422,0.0
6423,0.003792225890875196
6424,0.06533417568710356
6425,0.0
6426,0.003428079199412278
6427,0.000706440160450428
6428,0.0
6429,0.0015521972858127044
6430,0.0
6431,0.005854494410937685
6432,0.0
6433,0.0
6434,0.0
6435,0.04759894013115984
6436,0.0
6437,0.0017048608285008275
6438,0.0
6439,0.0
6440,0.0038076448113418143
6441,0.007677651667790957
6442,0.0
6443,0.0
6444,0.0
6445,0.044339874632099575
6446,0.027669218556526636
6447,0.005317536753254776
6448,0.0
6449,0.0
6450,0.0
6451,0.0002567621845499558
6452,0.0
6453,0.0
6454,0.0046202130001949185
6455,0.0
6456,0.0
6457,0.006814737077182552
6458,0.0
6459,0.022992151684237256
6460,0.0047750467554296665
6461,0.016018494508572016
6462,0.09348356586906771
6463,0.001027658868712069
6464,0.00010977743885391384
6465,0.0
6466,0.0034039793046281223
6467,0.0
6468,0.0
6469,0.001738013797939369
6470,0.0
6471,0.0015334699118041255
6472,0.0028464618911955295
6473,0.0
6474,0.0
6475,0.0
6476,0.01828805831624109
6477,0.0015349739034355532
6478,0.0
6479,0.07724360107004549
6480,0.0
6481,0.001891730149247766
6482,0.0
6483,0.0
6484,0.0243845755980409
6485,0.006450419327800046
6486,0.0
6487,0.0
6488,0.007972697773729878
6489,0.0
6490,0.0
6491,0.0
6492,0.0
6493,0.0
6494,0.0
6495,0.0
6496,0.027849941231407382
6497,0.01485361774998781
6498,0.006337472775100872
6499,0.0
6500,0.0
6501,0.0
6502,0.04243389513018007
6503,0.0
6504,0.0
6505,0.0
6506,0.0
6507,0.02155731343546593
6508,0.0014363187692972487
6509,0.0
6510,0.0
6511,0.0
6512,0.0
6513,0.0
6514,0.0
6515,0.046309412119807235
6516,0.0
6517,0.0
6518,0.0
6519,0.009462123578999674
6520,0.0036069568803235837
6521,0.021661801030596495
6522,0.01467415725090704
6523,0.035219019150015435
6524,0.00024752345959896314
6525,0.001016288455351769
6526,0.04168978919704363
6527,0.006346020713645304
6528,0.0025534870851169275
6529,0.0044347807693020476
6530,0.0
6531,0.0
6532,0.0023141842840398046
6533,0.0013468142040468794
6534,0.005353114568388255
6535,0.0
6536,0.0033899070618569884
6537,0.0
6538,0.0
6539,0.11952898175447846
6540,0.020053132255550495
6541,0.002033134459254227
6542,0.03944878530657717
6543,0.0
6544,0.0
6545,0.0
6546,0.1632800277543066
6547,0.0
6548,0.0022969087346647746
6549,0.008406018580000587
6550,0.0
6551,0.0014084144905658345
6552,0.0
6553,0.0
6554,0.0
6555,0.006707185844085352
6556,0.006760357752426942
6557,0.014115668995262644
6558,0.07496815580300818
6559,0.0
6560,0.011681243414104252
6561,0.0
6562,0.014038478898057248
6563,0.0
6564,0.0
6565,0.0
6566,0.021837605920227196
6567,0.00493573686157207
6568,0.012033855520947913
6569,0.0
6570,0.0
6571,0.0
6572,0.021414038255063036
6573,0.0
6574,0.0
6575,0.0
6576,0.0
6577,0.0
6578,0.001884472068150058
6579,0.0
6580,0.0
6581,0.007321149233581024
6582,0.0
6583,0.0072208845624502135
6584,0.0
6585,0.002968522995379426
6586,0.0020131793398468606
6587,0.024464126900628276
6588,0.0015186710551020979
6589,0.0
6590,0.001203656226226052
6591,0.005975740099530413
6592,0.062132363183084655
6593,0.05815251725954012
6594,0.060247335724588735
6595,0.009967362545584751
6596,0.016920933329563383
6597,0.0
6598,0.0
6599,0.0
6600,0.024845479478507196
6601,0.0580164912563205
6602,0.20634441846573773
6603,0.0025926355617317547
6604,0.0
6605,0.0015458441358175787
6606,0.0
6607,0.0016989518279078436
6608,0.0013941527317431516
6609,0.0
6610,0.00957537641611424
6611,0.0
6612,0.12702056723107338
6613,0.0
6614,0.004400898434759522
6615,0.0
6616,0.005983620945944788
6617,0.0
6618,0.010693775408287899
6619,0.0
6620,0.0
6621,0.004416543277359061
6622,0.0
6623,0.1999999850993684
6624,0.015070731423757483
6625,0.0313124456299333
6626,0.012553112241796024
6627,0.006026699353954088
6628,0.0
6629,0.003354281536085044
6630,0.0
6631,0.0
6632,0.006091718257524921
6633,0.0
6634,0.0
6635,0.0
6636,0.04104931917002163
6637,0.013846354514375941
6638,0.0
6639,0.0
6640,0.0
6641,0.030166691233437334
6642,0.013567862495723377
6643,0.0
6644,0.010124076442053764
6645,0.0
6646,0.012407985824452883
6647,0.0
6648,0.0
6649,0.0
6650,0.004436968425679669
6651,0.0
6652,0.0
6653,0.0017663096426477844
6654,0.001627230544400915
6655,0.0
6656,0.0
6657,0.015417629873003495
6658,0.0
6659,0.0
6660,0.0
6661,0.0
6662,0.003351364137907418
6663,0.08260037100809889
6664,0.0
6665,0.0
6666,0.0012293279962620983
6667,0.032604235060574804
6668,0.0
6669,0.0
6670,0.0
6671,0.0
6672,0.0
6673,0.004980433137293039
6674,0.18213136232680063
6675,0.003720341879770172
6676,0.0
6677,0.005818162348955085
6678,0.0
6679,0.042073111214010986
6680,0.01182342388046652
6681,0.23108489985615993
6682,0.0
6683,0.043865980972501245
6684,0.0
6685,0.0008299355138956668
6686,0.0058330535373173
6687,0.0
6688,0.0
6689,0.04658792006896027
6690,0.0981851371019415
6691,0.0
6692,0.020398666961018108
6693,0.0028268422548822707
6694,0.018547822107466253
6695,0.09345657898975622
6696,0.020292292136392238
6697,0.0
6698,0.0
6699,0.0005252897831668199
6700,0.009414515727731596
6701,0.0
6702,0.008666784567824038
6703,0.0
6704,0.00010106241499669523
6705,0.0
6706,0.010636324021051668
6707,0.0027218535318516966
6708,0.0
6709,0.0
6710,0.013415090952404072
6711,0.017090251560268763
6712,0.0
6713,0.0
6714,0.0
6715,0.0
6716,0.0
6717,0.03649549632471078
6718,0.0
6719,0.0
6720,0.0
6721,0.007505405813021157
6722,0.0
6723,0.009330550238043949
6724,0.0
6725,0.0
6726,0.0
6727,0.0011183744182279702
6728,0.0
6729,0.0
6730,0.009657414937153958
6731,0.0
6732,0.0
6733,0.10023583881710638
6734,0.0013394288777981503
6735,0.0
6736,0.0
6737,0.0
6738,0.0
6739,0.008823857854712088
6740,0.0
6741,0.0
6742,0.0
6743,0.04733100444379296
6744,0.016704537582865078
6745,0.0
6746,0.009243828322602848
6747,0.0
6748,0.0
6749,0.0
6750,0.0
6751,0.0
6752,0.0
6753,0.0
6754,0.009911991954195083
6755,0.0020693083567267286
6756,0.03170797734614944
6757,0.0
6758,0.0
6759,0.01774889526473196
6760,0.0
6761,0.0
6762,0.0
6763,0.0
6764,0.0
6765,0.012382396246198614
6766,0.021776553991330074
6767,0.0
6768,0.012080513613653743
6769,0.0
6770,0.0
6771,0.0
6772,0.0
6773,0.0
6774,0.03226374435327826
6775,0.08257186576832955
6776,0.0
6777,0.0
6778,0.0030157965990450404
6779,0.0
6780,0.00803647901509408
6781,0.0
6782,0.04138498782103672
6783,0.0
6784,0.0
6785,0.0
6786,0.0
6787,0.0
6788,0.0
6789,0.0
6790,0.0
6791,0.007885088787306717
6792,0.0
6793,0.009450048890905272
6794,0.0
6795,0.0
6796,0.07742195648051385
6797,0.0169555752018096
6798,0.005765561011470239
6799,0.001432953525519458
6800,0.006556575136735085
6801,0.05125063617201328
6802,0.0
6803,0.012780995173507633
6804,0.0
6805,0.017205750220121763
6806,0.0039193534656234985
6807,0.001813386966803517
6808,0.0
6809,0.0
6810,0.0028275383929247952
6811,0.0
6812,0.0
6813,0.06515212594539019
6814,0.0
6815,0.0
6816,0.0
6817,0.008983126894233404
6818,0.0
6819,0.0
6820,0.02825660698094727
6821,0.00032806203426232757
6822,0.0
6823,0.002239763214334491
6824,0.012516377157249388
6825,0.0
6826,0.0
6827,0.0003082585520086563
6828,0.0
6829,0.0
6830,0.012988959926072038
6831,0.022778076630863477
6832,0.004654538708278186
6833,0.0
6834,0.0
6835,0.0221074752434965
6836,0.0
6837,0.009026163167803775
6838,0.0
6839,0.0
6840,0.0
6841,0.0
6842,0.002930877927151094
6843,0.0
6844,0.0004933201213381628
6845,0.0
6846,0.0
6847,0.0
6848,0.0
6849,0.0
6850,0.008099418812338234
6851,0.08154431878789027
6852,0.003851029154407939
6853,0.0
6854,0.007602954940840609
6855,0.0
6856,0.0
6857,0.0
6858,0.00017894759882090627
6859,0.0
6860,0.0
6861,0.0
6862,0.0
6863,0.07244486251656455
6864,0.0
6865,0.0
6866,0.01138382645680837
6867,0.00033070909832473425
6868,0.14509376387521472
6869,0.01246025333739941
6870,0.0
6871,0.041394370967993054
6872,0.0
6873,0.013998345678359315
6874,0.0
6875,0.002607103453787638
6876,0.0009278718852520065
6877,0.0
6878,0.0
6879,0.0060816022828772
6880,0.0
6881,0.0
6882,0.00848622987556255
6883,0.0
6884,0.005333689352884356
6885,0.0
6886,0.0
6887,0.03885333560123187
6888,0.005222970414966431
6889,0.0021638864698529992
6890,0.010525986012018622
6891,0.0
6892,0.014855153537202289
6893,0.02496746435914326
6894,0.0006582937798427622
6895,0.0
6896,0.0
6897,0.0
6898,0.0
6899,0.028869795569268015
6900,0.0
6901,0.0
6902,0.0
6903,0.0006754470681315231
6904,0.02808526484585552
6905,0.005688267745679523
6906,0.0216927383003869
6907,0.007707165006260796
6908,0.004742782995030714
6909,0.0
6910,0.0
6911,0.0
6912,0.0034374518268789496
6913,0.0911407088275452
6914,0.14232017028560986
6915,0.0
6916,0.0008504501235113491
6917,0.23239120201616062
6918,0.007161461782419598
6919,0.0
6920,0.007209200321157246
6921,0.004484925436975266
6922,0.0
6923,0.0
6924,0.0
6925,0.0
6926,0.0
6927,0.0
6928,0.004347096005412746
6929,0.0
6930,0.05381450071891064
6931,0.0
6932,0.0
6933,0.0
6934,0.026950472294365226
6935,0.0
6936,0.0
6937,0.02104283027507967
6938,6.232334973480709e-05
6939,0.0
6940,0.2638785508928232
6941,0.017366116372306662
6942,0.0
6943,0.0
6944,0.016116470185602288
6945,0.0
6946,0.004711355758627968
6947,0.001583459668242223
6948,0.0009031915049352444
6949,0.05570934995616269
6950,0.011073508533527728
6951,0.0
6952,0.0
6953,0.0
6954,0.0021748941192012276
6955,0.009995547245356595
6956,0.0
6957,0.0
6958,0.0
6959,0.0
6960,0.004976069910524414
6961,0.0
6962,0.035561343881453156
6963,0.0
6964,0.020168453556305782
6965,0.0
6966,0.02514864051464984
6967,0.001213698493381183
6968,0.0
6969,0.0
6970,0.0010139703100540253
6971,0.02042585682126398
6972,0.0
6973,0.002777066620852332
6974,0.0
6975,0.0
6976,0.0
6977,0.0
6978,0.0
6979,0.0
6980,0.0
6981,0.0027052022983789386
6982,0.002763737029046128
6983,0.0011814485983275079
6984,0.005678437274206942
6985,0.025317750210859257
6986,0.009127155071833804
6987,0.007324508625304092
6988,0.0010066510400980498
6989,0.0
6990,0.0006760028787125163
6991,0.0
6992,0.0
6993,0.0027377362628323684
6994,0.0
6995,0.00032098351266734494
6996,0.011888886546370114
6997,0.0
6998,0.0
6999,0.020349004096825933
7000,0.0
7001,0.0
7002,0.0
7003,0.0010538285282443356
7004,0.0014368514055965022
7005,0.0
7006,0.0
7007,0.0
7008,0.0
7009,0.0
7010,0.00017967616035387894
7011,0.0
7012,0.0
7013,0.0005148890385379794
7014,0.0
7015,0.0
7016,0.011706724682149077
7017,0.0
7018,0.0
7019,0.008981207964965801
7020,0.0007058644051558152
7021,0.0
7022,0.020971522641737118
7023,0.013885804680185127
7024,0.0
7025,0.002324355032302108
7026,0.03592686775135348
7027,0.0022780953413654476
7028,0.0
7029,0.001750673142404579
7030,0.0
7031,0.003959546110961447
7032,0.0
7033,0.0
7034,0.0
7035,0.0
7036,0.0
7037,0.0
7038,0.0
7039,0.004934070576111693
7040,0.0038857509902514124
7041,0.003743714294527634
7042,0.001723938567714072
7043,0.0
7044,0.0
7045,0.0
7046,0.07323295202994332
7047,0.0
7048,0.0
7049,0.0018534116461517284
7050,0.0
7051,0.0
7052,0.001207887089455579
7053,0.0
7054,0.0
7055,0.0
7056,0.032668828800276134
7057,9.954097488693953e-05
7058,0.0
7059,0.0
7060,0.024787434432212162
7061,0.006592149923984696
7062,0.0
7063,0.0
7064,0.0393444486920309
7065,0.002188425379058662
7066,0.0
7067,0.0
7068,0.0
7069,0.0
7070,0.00442517720487647
7071,0.055829469745396924
7072,0.0
7073,0.0
7074,0.0
7075,0.00032846073296244387
7076,6.355461490129006e-05
7077,0.0
7078,0.018257341929997305
7079,0.0
7080,0.0
7081,0.0
7082,0.0
7083,0.0
7084,0.008145371383424459
7085,0.0
7086,0.0
7087,0.0
7088,0.0
7089,0.0
7090,0.003342227193412637
7091,0.0
7092,0.09369072786455264
7093,0.00326796985676922
7094,0.010437835936136848
7095,0.0
7096,0.0718776107171249
7097,0.0
7098,0.008374803007083464
7099,0.012033233328052003
7100,0.0
7101,0.02289514036775267
7102,0.0
7103,0.0
7104,0.0
7105,0.037211582025108284
7106,0.0038402531247650447
7107,0.013852913838853651
7108,0.0009069506806430407
7109,0.0025183605207806706
7110,0.0
7111,0.0
7112,0.1784908624883031
7113,0.03246334933860357
7114,0.0036534955327389472
7115,0.0
7116,0.00192762614039574
7117,0.0
7118,0.0015937092801543392
7119,0.0
7120,0.0
7121,0.0
7122,0.0
7123,0.00032744311658373866
7124,0.020805138084969078
7125,0.09668860381875674
7126,0.12100616765757294
7127,0.0
7128,0.0
7129,0.0
7130,0.0
7131,0.012986087523254133
7132,0.0128228626236024
7133,0.022179381479871366
7134,0.003025163810308908
7135,0.03398937971625828
7136,0.008139295524463913
7137,0.0
7138,0.0
7139,0.0
7140,0.03993744765524269
7141,0.0
7142,0.0
7143,0.0
7144,0.00774837766180824
7145,0.0
7146,0.0
7147,0.0
7148,0.0041956829845491116
7149,0.0
7150,0.0
7151,0.0
7152,0.049961396313446975
7153,0.0
7154,0.007368316852247141
7155,0.0
7156,0.0
7157,0.007568364864979872
7158,0.0
7159,0.0
7160,0.0
7161,0.0
7162,0.057199900965596635
7163,0.0
7164,0.0
7165,0.0
7166,0.0
7167,0.0
7168,0.0
7169,0.005432764438951456
7170,0.012750349487260858
7171,0.02313218844624936
7172,0.009717650322414223
7173,0.00017106878715549364
7174,0.0
7175,0.0
7176,0.0
7177,0.0
7178,0.01735505458498587
7179,0.018130884947480563
7180,0.0
7181,0.0
7182,0.005122161310387463
7183,0.0
7184,0.1800960118661505
7185,0.0
7186,0.0
7187,0.08633339032123287
7188,0.0038923271253365165
7189,0.0
7190,0.0
7191,0.0
7192,0.0
7193,0.0
7194,0.1880232062359274
7195,0.0
7196,0.0013390823268932307
7197,0.0006093187391190212
7198,0.0
7199,0.018352592723365067
7200,0.0
7201,0.0
7202,0.0
7203,0.0
7204,0.01705617734144731
7205,0.012821188668703104
7206,0.009813533728812749
7207,0.057058707055215395
7208,0.0
7209,0.0
7210,0.0
7211,0.0
7212,0.007203533972880982
7213,0.016058430820276703
7214,0.025740828737363428
7215,0.09140050019818245
7216,0.00514521412239788
7217,0.0
7218,0.0
7219,0.0
7220,0.01047226035661386
7221,0.0
7222,0.16892517737491358
7223,0.0
7224,0.0
7225,0.0
7226,0.05202095814235002
7227,0.0
7228,0.006016596787469791
7229,0.0016597028837058948
7230,0.0
7231,0.004915210508389485
7232,0.041825984221223494
7233,0.048958048900300435
7234,0.06020310325361333
7235,0.01878107795271386
7236,0.0124779342849697
7237,0.0029902316467340278
7238,0.0
7239,0.20757165824732363
7240,0.008886244200501972
7241,0.029555799820705046
7242,0.0
7243,0.0033334182325299813
7244,0.011445681476701464
7245,0.0
7246,0.0
7247,0.034545416592865
7248,0.0010262133016076035
7249,0.0
7250,0.0
7251,0.005466506923884885
7252,0.0
7253,0.0
7254,0.0
7255,0.0
7256,0.0021511727894635833
7257,0.0
7258,0.0005374608856019447
7259,0.0
7260,0.0
7261,0.016940416299416203
7262,0.0
7263,0.0027757617440129865
7264,0.0
7265,0.0
7266,0.004690096269154213
7267,0.0
7268,0.0
7269,0.013065823804415391
7270,0.010013745446270862
7271,0.0
7272,0.02495119893422375
7273,0.0
7274,0.0
7275,0.0
7276,0.0
7277,0.03420136340439654
7278,0.109055502650008
7279,0.04021114322792665
7280,0.0
7281,0.012264807449071533
7282,0.0
7283,0.006919968445791442
7284,0.006930489816727824
7285,0.0
7286,0.14767609255118164
7287,0.0
7288,0.0008636102984873109
7289,0.036074235934709944
7290,0.002993701407070173
7291,0.0008028901913607418
7292,0.0
7293,0.0004980690158317861
7294,0.0003081746473831923
7295,0.0
7296,0.0
7297,0.002178537270038219
7298,0.0
7299,0.0
7300,0.0
7301,0.0
7302,0.0
7303,0.0
7304,0.0009222629036609413
7305,0.0
7306,0.04267950259233926
7307,0.0027901930604124032
7308,0.0
7309,0.0
7310,0.0
7311,0.001840275465008451
7312,0.006190212159558171
7313,0.02913177631186803
7314,0.0
7315,0.0
7316,0.009617371799848364
7317,0.0014187092361037446
7318,0.04024324580779413
7319,0.007978192633583186
7320,0.03401824700779869
7321,0.0
7322,0.0
7323,0.0029405550716820284
7324,0.0
7325,0.0
7326,0.021807028752243492
7327,0.0
7328,0.0
7329,0.0
7330,0.06474959077098992
7331,0.011679045919274312
7332,0.0008382479756206837
7333,0.0
7334,0.018232925086024646
7335,0.0
7336,0.036241060105596926
7337,0.0
7338,0.01693163547572209
7339,0.0
7340,0.0
7341,0.008547089605086202
7342,0.005079103989469813
7343,0.0
7344,0.0
7345,0.0
7346,0.0
7347,0.0
7348,0.0
7349,0.0016476615839494748
7350,0.008178453633196003
7351,0.010212553551790928
7352,0.0
7353,0.0
7354,0.0
7355,0.0
7356,0.0
7357,0.0012283470122801047
7358,0.0
7359,0.04380865352340508
7360,0.0
7361,0.0006819446642320771
7362,0.06876763685938665
7363,0.15195437819686575
7364,0.0
7365,0.013395967793211793
7366,0.005442739068183678
7367,0.0
7368,0.0
7369,0.0
7370,0.0457077288956478
7371,0.0
7372,0.0004941696914323798
7373,0.06618884109683744
7374,0.0
7375,0.05503239619773247
7376,0.0
7377,0.0
7378,0.0668325034037798
7379,0.0020359948735169356
7380,0.0
7381,0.015876994411790312
7382,0.0
7383,0.0
7384,0.0
7385,0.0
7386,0.012478338019096358
7387,0.004339875332316592
7388,0.0
7389,0.0
7390,0.0
7391,0.008577634975980582
7392,0.0
7393,0.19647037417914764
7394,0.0037623297700174127
7395,0.0
7396,0.0
7397,0.10690717092859471
7398,0.0
